{	"credit":"Createdbysedona1029",	"texture_size":[64,64],	"textures":{		"0":"adaldekoratif:antique_piano_texture1",		"1":"adaldekoratif:antique_piano_texture2"	},	"elements":[		{			"from":[-15,-3,1],			"to":[31,31,15],			"rotation":{"angle":0,"axis":"y","origin":[8,6,22]},			"faces":{				"north":{"uv":[0,0,11.5,8.5],"texture":"#0"},				"east":{"uv":[14.25,0,10.75,8.5],"texture":"#0"},				"south":{"uv":[0,7.5,11.5,16],"texture":"#1"},				"west":{"uv":[10.75,0,14.25,8.5],"texture":"#0"}			}		},		{			"from":[-16,-9,0],			"to":[32,-3,16],			"rotation":{"angle":0,"axis":"y","origin":[8,-9,22]},			"faces":{				"north":{"uv":[0,10.5,12,12],"texture":"#0"},				"east":{"uv":[5,8.5,1,10],"texture":"#0"},				"south":{"uv":[0,10.5,12,12],"texture":"#0"},				"west":{"uv":[1,8.5,5,10],"texture":"#0"},				"up":{"uv":[0,12,12,16],"texture":"#0"},				"down":{"uv":[0,0,0.25,0.25],"texture":"#0"}			}		},		{			"from":[-15,-8,-9],			"to":[-11,-4,0],			"rotation":{"angle":0,"axis":"y","origin":[9,-10,7]},			"faces":{				"north":{"uv":[7.25,8.5,8.25,9.5],"texture":"#0"},				"east":{"uv":[7.25,8.5,5,9.5],"texture":"#0"},				"west":{"uv":[5,8.5,7.25,9.5],"texture":"#0"},				"up":{"uv":[15,0,16,2.25],"texture":"#0"},				"down":{"uv":[0.25,0.25,0.5,0.5],"texture":"#0"}			}		},		{			"from":[-15,10,-9],			"to":[-11,15,1],			"rotation":{"angle":0,"axis":"y","origin":[9,8,7]},			"faces":{				"north":{"uv":[15.5,13.5,14.5,14.75],"texture":"#0"},				"east":{"uv":[13.5,11.25,16,12.5],"texture":"#0"},				"west":{"uv":[13.5,14.75,16,16],"texture":"#0"},				"up":{"uv":[12.5,13.5,13.5,16],"texture":"#0"},				"down":{"uv":[12.5,13.5,13.5,16],"texture":"#0"}			}		},		{			"from":[-15,15,0],			"to":[-9,19,2],			"rotation":{"angle":22.5,"axis":"x","origin":[-13,17,-1]},			"faces":{				"north":{"uv":[14.5,12.5,16,13.5],"texture":"#0"},				"east":{"uv":[0.25,0.25,0.5,0.5],"texture":"#0"},				"west":{"uv":[15.49975,13.7495,15.99975,14.7495],"texture":"#0"}			}		},		{			"from":[25,15,0],			"to":[31,19,2],			"rotation":{"angle":22.5,"axis":"x","origin":[29,17,-1]},			"faces":{				"north":{"uv":[16,12.5,14.5,13.5],"texture":"#0"},				"east":{"uv":[15.5,13.75,16,14.75],"texture":"#0"},				"west":{"uv":[0.25,0.25,0.5,0.5],"texture":"#0"}			}		},		{			"from":[-11,12,-5],			"to":[27,14,0],			"rotation":{"angle":0,"axis":"y","origin":[13,11,6]},			"faces":{				"north":{"uv":[9.5,2.5,0,3],"texture":"#1"},				"up":{"uv":[0,2.5,9.5,3.75],"texture":"#1"}			}		},		{			"from":[-14,-9,-8],			"to":[-12,-8,-6],			"rotation":{"angle":0,"axis":"y","origin":[9,-11,7]},			"faces":{				"north":{"uv":[0.25,0.25,0.5,0.5],"texture":"#0"},				"east":{"uv":[0.25,0.25,0.5,0.5],"texture":"#0"},				"south":{"uv":[0.25,0.25,0.5,0.5],"texture":"#0"},				"west":{"uv":[0.25,0.25,0.5,0.5],"texture":"#0"},				"down":{"uv":[0.25,0.25,0.5,0.5],"texture":"#0"}			}		},		{			"from":[-14,-4,-8],			"to":[-12,10,-6],			"rotation":{"angle":0,"axis":"y","origin":[9,-6,7]},			"faces":{				"north":{"uv":[15.5,2.25,16,5.75],"texture":"#0"},				"east":{"uv":[15.5,5.75,15,2.25],"texture":"#0"},				"south":{"uv":[15.5,5.75,15,2.25],"texture":"#0"},				"west":{"uv":[15,5.75,15.5,2.25],"texture":"#0"}			}		},		{			"from":[28,-4,-8],			"to":[30,10,-6],			"rotation":{"angle":0,"axis":"y","origin":[51,-6,7]},			"faces":{				"north":{"uv":[16,2.25,15.5,5.75],"texture":"#0"},				"east":{"uv":[15.5,5.75,15,2.25],"texture":"#0"},				"south":{"uv":[15,5.75,15.5,2.25],"texture":"#0"},				"west":{"uv":[15,5.75,15.5,2.25],"texture":"#0"}			}		},		{			"from":[28,-9,-8],			"to":[30,-8,-6],			"rotation":{"angle":0,"axis":"y","origin":[51,-11,7]},			"faces":{				"north":{"uv":[0.25,0.25,0.5,0.5],"texture":"#0"},				"east":{"uv":[0.25,0.25,0.5,0.5],"texture":"#0"},				"south":{"uv":[0.25,0.25,0.5,0.5],"texture":"#0"},				"west":{"uv":[0.25,0.25,0.5,0.5],"texture":"#0"},				"down":{"uv":[0.25,0.25,0.5,0.5],"texture":"#0"}			}		},		{			"from":[-11,10,-9],			"to":[27,12,1],			"rotation":{"angle":0,"axis":"y","origin":[9,8,7]},			"faces":{				"north":{"uv":[0,10,9.5,10.5],"texture":"#0"},				"up":{"uv":[0,0,9.5,2.5],"texture":"#1"},				"down":{"uv":[0,2.5,9.5,0],"texture":"#1"}			}		},		{			"from":[-11,14,-3],			"to":[27,21,-2],			"rotation":{"angle":22.5,"axis":"x","origin":[8,14,-3]},			"faces":{				"north":{"uv":[0,3.75,9.5,5.5],"rotation":180,"texture":"#1"},				"east":{"uv":[0,1.5,1.75,1.75],"rotation":270,"texture":"#1"},				"south":{"uv":[0.25,0.25,0.5,0.5],"texture":"#0"},				"west":{"uv":[0,1.5,1.75,1.75],"rotation":270,"texture":"#1"},				"up":{"uv":[0,2.25,9.5,2.5],"rotation":180,"texture":"#1"}			}		},		{			"from":[-11,20,-4],			"to":[27,21,-3],			"rotation":{"angle":22.5,"axis":"x","origin":[8,14,-3]},			"faces":{				"north":{"uv":[0,2,9.5,2.25],"rotation":180,"texture":"#1"},				"east":{"uv":[1,0,1.25,0.25],"rotation":90,"texture":"#1"},				"west":{"uv":[1,0,1.25,0.25],"rotation":90,"texture":"#1"},				"up":{"uv":[0,2,9.5,2.25],"rotation":180,"texture":"#1"},				"down":{"uv":[0,1.75,9.5,2],"texture":"#1"}			}		},		{			"from":[27,-8,-9],			"to":[31,-4,0],			"rotation":{"angle":0,"axis":"y","origin":[7,-10,7]},			"faces":{				"north":{"uv":[7.25,8.5,8.25,9.5],"texture":"#0"},				"east":{"uv":[7.25,8.5,5,9.5],"texture":"#0"},				"west":{"uv":[5,8.5,7.25,9.5],"texture":"#0"},				"up":{"uv":[15,0,16,2.25],"texture":"#0"},				"down":{"uv":[0.25,0.25,0.5,0.5],"texture":"#0"}			}		},		{			"from":[27,10,-9],			"to":[31,15,1],			"rotation":{"angle":0,"axis":"y","origin":[7,8,7]},			"faces":{				"north":{"uv":[14.5,13.5,15.5,14.75],"texture":"#0"},				"east":{"uv":[16,14.75,13.5,16],"texture":"#0"},				"west":{"uv":[16,11.25,13.5,12.5],"texture":"#0"},				"up":{"uv":[13.5,13.5,12.5,16],"texture":"#0"},				"down":{"uv":[13.5,13.5,12.5,16],"texture":"#0"}			}		},		{			"from":[-15.5,-3,13.5],			"to":[-11.5,31,15.5],			"rotation":{"angle":0,"axis":"y","origin":[8.5,-9,21.5]},			"faces":{				"north":{"uv":[14.25,0,14.5,8.5],"texture":"#0"},				"east":{"uv":[14.25,0,14.5,8.5],"texture":"#0"},				"south":{"uv":[15,0,14,8.5],"texture":"#0"},				"west":{"uv":[14.5,0,15,8.5],"texture":"#0"}			}		},		{			"from":[-15.5,-3,0.5],			"to":[-11,31,2.5],			"rotation":{"angle":0,"axis":"y","origin":[8.5,-9,8.5]},			"faces":{				"north":{"uv":[14,0,15,8.5],"texture":"#0"},				"east":{"uv":[14.25,0,14.5,8.5],"texture":"#0"},				"south":{"uv":[14.25,0,14.5,8.5],"texture":"#0"},				"west":{"uv":[15,0,14.5,8.5],"texture":"#0"}			}		},		{			"from":[27,-3,0.5],			"to":[31.5,31,2.5],			"rotation":{"angle":0,"axis":"y","origin":[51.5,-9,8.5]},			"faces":{				"north":{"uv":[15,0,14,8.5],"texture":"#0"},				"east":{"uv":[14.5,0,15,8.5],"texture":"#0"},				"south":{"uv":[14.25,0,14.5,8.5],"texture":"#0"},				"west":{"uv":[14.25,0,14.5,8.5],"texture":"#0"}			}		},		{			"from":[27.5,-3,13.5],			"to":[31.5,31,15.5],			"rotation":{"angle":0,"axis":"y","origin":[51.5,-9,21.5]},			"faces":{				"north":{"uv":[14.25,0,14.5,8.5],"texture":"#0"},				"east":{"uv":[15,0,14.5,8.5],"texture":"#0"},				"south":{"uv":[14,0,15,8.5],"texture":"#0"},				"west":{"uv":[14.25,0,14.5,8.5],"texture":"#0"}			}		},		{			"from":[-16,31,0],			"to":[32,32,16],			"rotation":{"angle":0,"axis":"y","origin":[8,39,8]},			"faces":{				"north":{"uv":[0,13.25,12,13.5],"texture":"#0"},				"east":{"uv":[14.5,0,10.5,0.25],"texture":"#0"},				"south":{"uv":[0,12,12,12.25],"texture":"#0"},				"west":{"uv":[10.5,0,14.5,0.25],"texture":"#0"},				"up":{"uv":[0,12,12,16],"texture":"#0"},				"down":{"uv":[0.25,0.25,0.5,0.5],"texture":"#0"}			}		},		{			"from":[5,-7.5,-3],			"to":[7,-6.5,0],			"rotation":{"angle":-22.5,"axis":"x","origin":[6,-6.5,0]},			"faces":{				"north":{"uv":[10,9,10.5,9.25],"texture":"#0"},				"east":{"uv":[10.75,9,10,9.25],"texture":"#0"},				"west":{"uv":[10,9,10.75,9.25],"texture":"#0"},				"up":{"uv":[10,9,10.5,9.75],"texture":"#0"},				"down":{"uv":[10,9.75,10.5,9],"texture":"#0"}			}		},		{			"from":[9,-7.5,-3],			"to":[11,-6.5,0],			"rotation":{"angle":-22.5,"axis":"x","origin":[10,-6.5,0]},			"faces":{				"north":{"uv":[10,9,10.5,9.25],"texture":"#0"},				"east":{"uv":[10.75,9,10,9.25],"texture":"#0"},				"west":{"uv":[10,9,10.75,9.25],"texture":"#0"},				"up":{"uv":[10,9,10.5,9.75],"texture":"#0"},				"down":{"uv":[10,9.75,10.5,9],"texture":"#0"}			}		},		{			"from":[19,12,-8],			"to":[27,13,-5],			"rotation":{"angle":0,"axis":"y","origin":[13,10,8]},			"faces":{				"north":{"uv":[16,5.75,0,6],"texture":"#1"},				"up":{"uv":[0,5.5,16,6.25],"texture":"#1"}			}		},		{			"from":[11,12,-8],			"to":[19,13,-5],			"rotation":{"angle":0,"axis":"y","origin":[13,10,8]},			"faces":{				"north":{"uv":[16,5.75,0,6],"texture":"#1"},				"up":{"uv":[0,5.5,16,6.25],"texture":"#1"}			}		},		{			"from":[3,12,-8],			"to":[11,13,-5],			"rotation":{"angle":0,"axis":"y","origin":[13,10,8]},			"faces":{				"north":{"uv":[16,5.75,0,6],"texture":"#1"},				"up":{"uv":[0,5.5,16,6.25],"texture":"#1"}			}		},		{			"from":[-5,12,-8],			"to":[3,13,-5],			"rotation":{"angle":0,"axis":"y","origin":[13,10,8]},			"faces":{				"north":{"uv":[16,5.75,0,6],"texture":"#1"},				"up":{"uv":[0,5.5,16,6.25],"texture":"#1"}			}		},		{			"from":[-13,12,-8],			"to":[-5,13,-5],			"rotation":{"angle":0,"axis":"y","origin":[13,10,8]},			"faces":{				"north":{"uv":[16,5.75,0,6],"texture":"#1"},				"up":{"uv":[0,5.5,16,6.25],"texture":"#1"}			}		},		{			"from":[10.75,12.5,-7],			"to":[11.75,13.5,-5],			"rotation":{"angle":0,"axis":"y","origin":[4.75,11,8]},			"faces":{				"north":{"uv":[10,0,10.25,0.25],"texture":"#1"},				"east":{"uv":[10,0,10.25,0.25],"texture":"#1"},				"south":{"uv":[10,0,10.25,0.25],"texture":"#1"},				"west":{"uv":[10,0,10.25,0.25],"texture":"#1"},				"up":{"uv":[10,0,10.25,0.25],"texture":"#1"},				"down":{"uv":[10,0,10.25,0.25],"texture":"#1"}			}		},		{			"from":[7.75,12.5,-7],			"to":[8.75,13.5,-5],			"rotation":{"angle":0,"axis":"y","origin":[4.75,11,8]},			"faces":{				"north":{"uv":[10,0,10.25,0.25],"texture":"#1"},				"east":{"uv":[10,0,10.25,0.25],"texture":"#1"},				"south":{"uv":[10,0,10.25,0.25],"texture":"#1"},				"west":{"uv":[10,0,10.25,0.25],"texture":"#1"},				"up":{"uv":[10,0,10.25,0.25],"texture":"#1"},				"down":{"uv":[10,0,10.25,0.25],"texture":"#1"}			}		},		{			"from":[4.75,12.5,-7],			"to":[5.75,13.5,-5],			"rotation":{"angle":0,"axis":"y","origin":[4.75,11,8]},			"faces":{				"north":{"uv":[10,0,10.25,0.25],"texture":"#1"},				"east":{"uv":[10,0,10.25,0.25],"texture":"#1"},				"south":{"uv":[10,0,10.25,0.25],"texture":"#1"},				"west":{"uv":[10,0,10.25,0.25],"texture":"#1"},				"up":{"uv":[10,0,10.25,0.25],"texture":"#1"},				"down":{"uv":[10,0,10.25,0.25],"texture":"#1"}			}		},		{			"from":[-1.25,12.5,-7],			"to":[-0.25,13.5,-5],			"rotation":{"angle":0,"axis":"y","origin":[4.75,11,8]},			"faces":{				"north":{"uv":[10,0,10.25,0.25],"texture":"#1"},				"east":{"uv":[10,0,10.25,0.25],"texture":"#1"},				"south":{"uv":[10,0,10.25,0.25],"texture":"#1"},				"west":{"uv":[10,0,10.25,0.25],"texture":"#1"},				"up":{"uv":[10,0,10.25,0.25],"texture":"#1"},				"down":{"uv":[10,0,10.25,0.25],"texture":"#1"}			}		},		{			"from":[-4.25,12.5,-7],			"to":[-3.25,13.5,-5],			"rotation":{"angle":0,"axis":"y","origin":[4.75,11,8]},			"faces":{				"north":{"uv":[10,0,10.25,0.25],"texture":"#1"},				"east":{"uv":[10,0,10.25,0.25],"texture":"#1"},				"south":{"uv":[10,0,10.25,0.25],"texture":"#1"},				"west":{"uv":[10,0,10.25,0.25],"texture":"#1"},				"up":{"uv":[10,0,10.25,0.25],"texture":"#1"},				"down":{"uv":[10,0,10.25,0.25],"texture":"#1"}			}		},		{			"from":[21.75,12.5,-7],			"to":[22.75,13.5,-5],			"rotation":{"angle":0,"axis":"y","origin":[4.75,11,8]},			"faces":{				"north":{"uv":[10,0,10.25,0.25],"texture":"#1"},				"east":{"uv":[10,0,10.25,0.25],"texture":"#1"},				"south":{"uv":[10,0,10.25,0.25],"texture":"#1"},				"west":{"uv":[10,0,10.25,0.25],"texture":"#1"},				"up":{"uv":[10,0,10.25,0.25],"texture":"#1"},				"down":{"uv":[10,0,10.25,0.25],"texture":"#1"}			}		},		{			"from":[18.75,12.5,-7],			"to":[19.75,13.5,-5],			"rotation":{"angle":0,"axis":"y","origin":[4.75,11,8]},			"faces":{				"north":{"uv":[10,0,10.25,0.25],"texture":"#1"},				"east":{"uv":[10,0,10.25,0.25],"texture":"#1"},				"south":{"uv":[10,0,10.25,0.25],"texture":"#1"},				"west":{"uv":[10,0,10.25,0.25],"texture":"#1"},				"up":{"uv":[10,0,10.25,0.25],"texture":"#1"},				"down":{"uv":[10,0,10.25,0.25],"texture":"#1"}			}		},		{			"from":[-7.25,12.5,-7],			"to":[-6.25,13.5,-5],			"rotation":{"angle":0,"axis":"y","origin":[4.75,11,8]},			"faces":{				"north":{"uv":[10,0,10.25,0.25],"texture":"#1"},				"east":{"uv":[10,0,10.25,0.25],"texture":"#1"},				"south":{"uv":[10,0,10.25,0.25],"texture":"#1"},				"west":{"uv":[10,0,10.25,0.25],"texture":"#1"},				"up":{"uv":[10,0,10.25,0.25],"texture":"#1"},				"down":{"uv":[10,0,10.25,0.25],"texture":"#1"}			}		},		{			"from":[15.75,12.5,-7],			"to":[16.75,13.5,-5],			"rotation":{"angle":0,"axis":"y","origin":[4.75,11,8]},			"faces":{				"north":{"uv":[10,0,10.25,0.25],"texture":"#1"},				"east":{"uv":[10,0,10.25,0.25],"texture":"#1"},				"south":{"uv":[10,0,10.25,0.25],"texture":"#1"},				"west":{"uv":[10,0,10.25,0.25],"texture":"#1"},				"up":{"uv":[10,0,10.25,0.25],"texture":"#1"},				"down":{"uv":[10,0,10.25,0.25],"texture":"#1"}			}		}	],	"display":{		"thirdperson_righthand":{			"rotation":[60,0,0],			"translation":[0,-1,-3],			"scale":[0.25,0.25,0.25]		},		"thirdperson_lefthand":{			"rotation":[60,0,0],			"translation":[0,-1,-3],			"scale":[0.25,0.25,0.25]		},		"firstperson_righthand":{			"rotation":[0,90,0],			"translation":[3,1,0],			"scale":[0.25,0.25,0.25]		},		"firstperson_lefthand":{			"rotation":[0,90,0],			"translation":[3,1,0],			"scale":[0.25,0.25,0.25]		},		"ground":{			"rotation":[90,0,0],			"translation":[0,5,0],			"scale":[0.25,0.25,0.25]		},		"gui":{			"rotation":[30,150,0],			"translation":[0.5,-1,0],			"scale":[0.3,0.3,0.3]		},		"head":{			"translation":[0,-20,0],			"scale":[1.5,1.5,1.5]		},		"fixed":{			"rotation":[-90,0,0],			"translation":[0,0,-30.5],			"scale":[2,1.85,2]		}	},	"groups":[0,1,2,3,4,5,6,7,8,9,10,11,12,13,14,15,16,17,18,19,20,21,22,		{			"name":"keys",			"origin":[8,8,8],			"children":[23,24,25,26,27,28,29,30,31,32,33,34,35,36]		}	]}