{	"credit":"Createdbysedona1029",	"texture_size":[32,32],	"textures":{		"0":"adaldekoratif:bench"	},	"elements":[		{			"from":[-8,7,-1],			"to":[24,9,3],			"faces":{				"north":{"uv":[0,7,16,8],"texture":"#0"},				"east":{"uv":[0,7,2,8],"texture":"#0"},				"south":{"uv":[16,6.5,0,7.5],"texture":"#0"},				"west":{"uv":[14,7,16,8],"texture":"#0"},				"up":{"uv":[0,7,16,5],"rotation":180,"texture":"#0"},				"down":{"uv":[0,5,16,7],"rotation":180,"texture":"#0"}			}		},		{			"from":[-8,8,4],			"to":[24,9,7],			"faces":{				"north":{"uv":[16,8.5,0,9],"texture":"#0"},				"south":{"uv":[0,1,16,1.5],"texture":"#0"},				"up":{"uv":[16,7.5,0,9],"rotation":180,"texture":"#0"},				"down":{"uv":[16,9,0,7.5],"rotation":180,"texture":"#0"}			}		},		{			"from":[-8,8,8],			"to":[24,9,12],			"faces":{				"north":{"uv":[16,5,0,5.5],"texture":"#0"},				"south":{"uv":[0,4.5,16,5],"texture":"#0"},				"up":{"uv":[16,7,0,5],"rotation":180,"texture":"#0"},				"down":{"uv":[16,5,0,7],"rotation":180,"texture":"#0"}			}		},		{			"from":[-8,10,13],			"to":[24,14,14],			"faces":{				"north":{"uv":[0,3,16,5],"texture":"#0"},				"south":{"uv":[16,3,0,5],"texture":"#0"},				"up":{"uv":[0,3,16,3.5],"rotation":180,"texture":"#0"},				"down":{"uv":[0,4.5,16,5],"rotation":180,"texture":"#0"}			}		},		{			"from":[-8,15,13],			"to":[24,18,14],			"faces":{				"north":{"uv":[0,1.5,16,3],"texture":"#0"},				"south":{"uv":[16,1.5,0,3],"texture":"#0"},				"up":{"uv":[0,1.5,16,2],"rotation":180,"texture":"#0"},				"down":{"uv":[0,2.5,16,3],"rotation":180,"texture":"#0"}			}		},		{			"from":[-8,19,13],			"to":[24,22,14],			"faces":{				"north":{"uv":[0,0,16,1.5],"texture":"#0"},				"south":{"uv":[16,0,0,1.5],"texture":"#0"},				"up":{"uv":[0,0,16,0.5],"rotation":180,"texture":"#0"},				"down":{"uv":[0,1,16,1.5],"rotation":180,"texture":"#0"}			}		},		{			"from":[23.5,0,12],			"to":[26.5,23,15],			"faces":{				"north":{"uv":[0,13,11.5,14.5],"rotation":90,"texture":"#0"},				"east":{"uv":[0,16,11.5,14.5],"rotation":90,"texture":"#0"},				"south":{"uv":[0,14.5,11.5,16],"rotation":90,"texture":"#0"},				"west":{"uv":[0,14.5,11.5,13],"rotation":90,"texture":"#0"},				"up":{"uv":[6.5,10,5,11.5],"rotation":180,"texture":"#0"},				"down":{"uv":[5,11.5,6.5,13],"texture":"#0"}			}		},		{			"from":[-10.5,0,12],			"to":[-7.5,23,15],			"faces":{				"north":{"uv":[0,14.5,11.5,13],"rotation":90,"texture":"#0"},				"east":{"uv":[0,13,11.5,14.5],"rotation":90,"texture":"#0"},				"south":{"uv":[0,16,11.5,14.5],"rotation":90,"texture":"#0"},				"west":{"uv":[0,14.5,11.5,16],"rotation":90,"texture":"#0"},				"up":{"uv":[5,10,6.5,11.5],"rotation":180,"texture":"#0"},				"down":{"uv":[5,11.5,6.5,13],"texture":"#0"}			}		},		{			"from":[-10,14,-1],			"to":[-8,15,12],			"faces":{				"north":{"uv":[15,15.5,16,16],"texture":"#0"},				"east":{"uv":[0,9,6.5,9.5],"texture":"#0"},				"west":{"uv":[6.5,9.5,0,10],"texture":"#0"},				"up":{"uv":[15,9.5,16,16],"rotation":180,"texture":"#0"},				"down":{"uv":[15,16,16,9.5],"rotation":180,"texture":"#0"}			}		},		{			"from":[24,14,-1],			"to":[26,15,12],			"faces":{				"north":{"uv":[15,15.5,16,16],"texture":"#0"},				"east":{"uv":[0,9.5,6.5,10],"texture":"#0"},				"west":{"uv":[6.5,9,0,9.5],"texture":"#0"},				"up":{"uv":[16,9.5,15,16],"rotation":180,"texture":"#0"},				"down":{"uv":[16,16,15,9.5],"rotation":180,"texture":"#0"}			}		},		{			"from":[24,8,2],			"to":[26,10,12],			"faces":{				"east":{"uv":[0,10,5,11],"texture":"#0"},				"west":{"uv":[0,11,5,10],"texture":"#0"},				"up":{"uv":[13,10,12,15],"rotation":180,"texture":"#0"},				"down":{"uv":[12,10,13,15],"rotation":180,"texture":"#0"}			}		},		{			"from":[-10,8,2],			"to":[-8,10,12],			"faces":{				"east":{"uv":[0,11,5,10],"texture":"#0"},				"west":{"uv":[0,10,5,11],"texture":"#0"},				"up":{"uv":[12,10,13,15],"rotation":180,"texture":"#0"},				"down":{"uv":[13,10,12,15],"rotation":180,"texture":"#0"}			}		},		{			"from":[25,10,2],			"to":[25,14,12],			"faces":{				"east":{"uv":[0,11,5,13],"texture":"#0"},				"west":{"uv":[5,11,0,13],"texture":"#0"}			}		},		{			"from":[-9,10,2],			"to":[-9,14,12],			"faces":{				"east":{"uv":[0,11,5,13],"texture":"#0"},				"west":{"uv":[5,11,0,13],"texture":"#0"}			}		},		{			"from":[-10,0,0],			"to":[-8,14,2],			"faces":{				"north":{"uv":[14,9,13,16],"texture":"#0"},				"east":{"uv":[14,9,15,16],"texture":"#0"},				"south":{"uv":[15,9,14,16],"texture":"#0"},				"west":{"uv":[14,9,15,16],"texture":"#0"},				"down":{"uv":[12,15,13,16],"rotation":180,"texture":"#0"}			}		},		{			"from":[24,0,0],			"to":[26,14,2],			"faces":{				"north":{"uv":[13,9,14,16],"texture":"#0"},				"east":{"uv":[15,9,14,16],"texture":"#0"},				"south":{"uv":[14,9,15,16],"texture":"#0"},				"west":{"uv":[15,9,14,16],"texture":"#0"},				"down":{"uv":[12,15,13,16],"rotation":180,"texture":"#0"}			}		}	],	"gui_light":"front",	"display":{		"thirdperson_righthand":{			"rotation":[60,0,0],			"translation":[0,1,-2],			"scale":[0.3,0.3,0.3]		},		"thirdperson_lefthand":{			"rotation":[60,0,0],			"translation":[0,1,-2],			"scale":[0.3,0.3,0.3]		},		"firstperson_righthand":{			"rotation":[0,90,0],			"translation":[2,0,0],			"scale":[0.3,0.3,0.3]		},		"firstperson_lefthand":{			"rotation":[0,90,0],			"translation":[2,0,0],			"scale":[0.3,0.3,0.3]		},		"ground":{			"translation":[0,2,0],			"scale":[0.2,0.2,0.2]		},		"gui":{			"rotation":[30,135,0],			"translation":[0,-1,0],			"scale":[0.4,0.4,0.4]		},		"head":{			"translation":[-12,-31,0],			"scale":[1.5,1.5,1.5]		},		"fixed":{			"rotation":[-90,0,0],			"translation":[16,0,-15],			"scale":[2,2,2]		}	}}