{	"credit":"Createdbysedona1029",	"texture_size":[32,32],	"textures":{		"0":"adaldekoratif:trash_can",		"particle":"adaldekoratif:trash_can"	},	"elements":[		{			"from":[1,0,1],			"to":[15,16,15],			"faces":{				"north":{"uv":[0.025,0.025,6.975,7.975],"texture":"#0"},				"east":{"uv":[0.025,8.025,6.975,15.975],"texture":"#0"},				"south":{"uv":[0.025,0.025,6.975,7.975],"texture":"#0"},				"west":{"uv":[0.025,8.025,6.975,15.975],"texture":"#0"},				"down":{"uv":[0.025,0.025,0.475,0.475],"texture":"#0"}			}		},		{			"from":[0,16,0],			"to":[16,20,16],			"faces":{				"north":{"uv":[7.025,0.025,14.975,1.975],"texture":"#0"},				"east":{"uv":[7.025,0.025,14.975,1.975],"texture":"#0"},				"south":{"uv":[7.025,0.025,14.975,1.975],"texture":"#0"},				"west":{"uv":[7.025,0.025,14.975,1.975],"texture":"#0"},				"up":{"uv":[7.025,2.025,14.975,9.975],"texture":"#0"},				"down":{"uv":[7.025,2.025,14.975,9.975],"texture":"#0"}			}		},		{			"from":[5.5,20,7],			"to":[10.5,22,9],			"faces":{				"north":{"uv":[7,10,9.5,11],"texture":"#0"},				"east":{"uv":[15.025,0.025,15.975,0.975],"texture":"#0"},				"south":{"uv":[7,10,9.5,11],"texture":"#0"},				"west":{"uv":[15.025,0.025,15.975,0.975],"texture":"#0"},				"up":{"uv":[9.525,10.025,11.975,10.975],"texture":"#0"}			}		},		{			"from":[9.5,20,7],			"to":[6.5,21,9],			"faces":{				"east":{"uv":[15.025,1.025,15.975,1.475],"texture":"#0"},				"west":{"uv":[15.025,1.025,15.975,1.475],"texture":"#0"},				"up":{"uv":[12.025,10.025,13.475,10.975],"texture":"#0"}			}		}	],	"gui_light":"front",	"display":{		"thirdperson_righthand":{			"rotation":[60,0,0],			"translation":[0,-1,-4],			"scale":[0.4,0.4,0.4]		},		"thirdperson_lefthand":{			"rotation":[60,0,0],			"translation":[0,-1,-4],			"scale":[0.4,0.4,0.4]		},		"firstperson_righthand":{			"rotation":[0,-30,0],			"translation":[0,1,0],			"scale":[0.4,0.4,0.4]		},		"firstperson_lefthand":{			"rotation":[0,-30,0],			"translation":[0,1,0],			"scale":[0.4,0.4,0.4]		},		"ground":{			"translation":[0,2,0],			"scale":[0.3,0.3,0.3]		},		"gui":{			"rotation":[30,-45,0],			"translation":[0,-1.5,0],			"scale":[0.6,0.6,0.6]		},		"head":{			"translation":[0,-31,0],			"scale":[1.5,1.5,1.5]		},		"fixed":{			"rotation":[-90,0,0],			"translation":[0,0,-15],			"scale":[2,2,2]		}	}}